Facility Id,FRS Id,Facility Name_x,Latitude,Longitude,Unit Name,Primary NAICS Code_y,inWECC,inWestCensus,geometry
1001804,110000483245.0,MARTINEZ REFINING COMPANY LLC,38.016594,-122.115392,CP-CF_RFG,324110.0,True,True,POINT (-122.115392 38.016594)
1001964,110038102969.0,Phillips 66 Los Angeles Refinery - Carson Plant,33.808333,-118.245833,CP-Merox,324110.0,True,True,POINT (-118.245833 33.808333)
1002261,110017407153.0,TRICOR REFINING LLC,35.4185,-119.0112,GP-natural gas combustion,324110.0,True,True,POINT (-119.0112 35.4185)
1002286,110001187144.0,LUNDAY-THAGARD COMPANY,33.946295,-118.16704,GP-1,324110.0,True,True,POINT (-118.16704 33.946295)
1002461,110000746658.0,ULTRAMAR INC WILMINGTON REFINERY,33.7783,-118.2351,56-H-1,324110.0,True,True,POINT (-118.2351 33.7783)
1002565,110000481684.0,SAN JOAQUIN REFINING CO INC,35.39511,-119.04652,Crude Heater Oilfield Gas,324110.0,True,True,POINT (-119.04652 35.39511)
1003564,110043783420.0,Marathon El Paso Refinery,31.76945,-106.41426,F4301,324110.0,True,False,POINT (-106.41426 31.76945)
1003610,110020506460.0,CHEVRON PRODS.CO. RICHMOND REFY,37.938779,-122.396453,CP-1 RFG V-475,324110.0,True,True,POINT (-122.396453 37.938779)
1003670,110071162431.0,PETRO STAR INC NORTH POLE REFINERY,64.749575,-147.377411,Asphalt Tank heaters,324110.0,False,True,POINT (-147.377411 64.749575)
1003689,110069522662.0,Alon Bakersfield Refining,35.3809,-119.07242,GP-Area 2 Boilers,324110.0,True,True,POINT (-119.07242 35.3809)
1003904,110000537250.0,TESORO CORPORATION-ANACORTES REFINERY,48.489534,-122.564292,F101,324110.0,True,True,POINT (-122.564292 48.489534)
1004211,110008214360.0,HF Sinclair Puget Sound Refining LLC,48.472836,-122.560194,COB_MERICHEM,324110.0,True,True,POINT (-122.560194 48.472836)
1004267,110000481611.0,Kern Energy,35.295278,-118.921111,Boiler 12,324110.0,True,True,POINT (-118.921111 35.295278)
1004459,110000468226.0,WYOMING REFINING COMPANY,43.85126,-104.21486,GP-Sweet Gas Heaters,324110.0,True,True,POINT (-104.21486 43.85126)
1005769,110055108431.0,HOLLYFRONTIER WOODS CROSS REFINING LLC,40.884195,-111.910878,GP-Mixed Fuel Gas,324110.0,True,True,POINT (-111.910878 40.884195)
1005997,110071159424.0,PETRO STAR VALDEZ REFINERY,61.08276,-146.25017,1,324110.0,False,True,POINT (-146.25017 61.08276)
1006032,,FORELAND REFINING CORP EAGLE SPRINGS REFINERY,38.6226,-115.6198,CP-Fuel Oil System,324110.0,True,True,POINT (-115.6198 38.6226)
1006039,110000469243.0,"Tesoro Refining and Marketing Company, Salt Lake City Refinery",40.791667,-111.902778,CP-06,324110.0,True,True,POINT (-111.902778 40.791667)
1006099,110000481755.0,PHILLIPS 66 SANTA MARIA REFINERY,35.038889,-120.589722,CP-Refinery Produced Gas,324110.0,True,True,POINT (-120.589722 35.038889)
1006189,110000469485.0,CHEVRON PRODUCTS CO - SALT LAKE REFINERY,40.824668,-111.930772,CP-1 Total RFG Flow,324110.0,True,True,POINT (-111.930772 40.824668)
1006395,110000483487.0,SAN FRANCISCO REFINERY AT RODEO,38.0436,-122.2532,GP-Calciner Natural Gas,324110.0,True,True,POINT (-122.2532 38.0436)
1006448,110000499069.0,Silver Eagle Refining-Woods Cross,40.866389,-111.911389,CP-Qwestar Natural Gas,324110.0,True,True,POINT (-111.911389 40.866389)
1006468,110070752633.0,BP CHERRY POINT REFINERY,48.884,-122.735,#1 Reformer Heater,324110.0,True,True,POINT (-122.735 48.884)
1006627,110071161537.0,Los Angeles Refinery (LAR),33.82431,-118.23237,CP-Mercaptan off-gas,324110.0,True,True,POINT (-118.23237 33.82431)
1006671,110000595124.0,CHS INC LAUREL REFINERY,45.65922,-108.76778,CP-1,324110.0,True,True,POINT (-108.76778 45.65922)
1006843,110000476235.0,Phillips 66 Los Angeles Refinery - Wilmington Plant,33.774469,-118.290696,CP-Merox Off Gas,324110.0,True,True,POINT (-118.290696 33.774469)
1006932,110071162280.0,REFINERY KAPOLEI,21.304291,-158.091296,GP-,324110.0,False,True,POINT (-158.091296 21.304291)
1007000,110000428421.0,"Par Montana, LLC Billings Refinery",45.810555,-108.43166,CP-1,324110.0,True,True,POINT (-108.43166 45.810555)
1007217,110000468093.0,HF Sinclair Parco Refining Company LLC,41.77899,-107.104,CP-2,324110.0,True,True,POINT (-107.104 41.77899)
1007218,110011942719.0,SINCLAIR CASPER REFINING COMPANY,42.8605,-106.2425,CP-1,324110.0,True,True,POINT (-106.2425 42.8605)
1007329,110069359063.0,TORRANCE REFINING COMPANY LLC,33.85828,-118.3369,CP-1 FGT Gas,324110.0,True,True,POINT (-118.3369 33.85828)
1007506,110043806085.0,PHILLIPS 66 BILLINGS REFINERY,45.776389,-108.484444,B-1,324110.0,True,True,POINT (-108.484444 45.776389)
1007658,110000490549.0,US OIL & REFINING TACOMA,47.257694,-122.395259,GP-1,324110.0,True,True,POINT (-122.395259 47.257694)
1007739,110000428500.0,"Calumet Montana Refining, LLC",47.523611,-111.294167,CP-1,324110.0,True,True,POINT (-111.294167 47.523611)
1007741,110017413299.0,TESORO ALASKA PETROLEUM CO,60.683603,-151.367204,Fire Pump 39 P-708B,324110.0,False,True,POINT (-151.367204 60.683603)
1007771,110061297788.0,"NAVAJO REFINING COMPANY, LLC - LOVINGTON REFINERY",32.879253,-103.297137,CP-1,324110.0,False,True,POINT (-103.297137 32.879253)
1007923,110032913024.0,SUNCOR ENERGY (USA) COMMERCE CITY REFINERY,39.803333,-104.945556,GP-1a,324110.0,True,True,POINT (-104.945556 39.803333)
1007972,110000472630.0,"NAVAJO REFINING COMPANY, LLC - Artesia Refinery",32.848593,-104.394383,CP-1,324110.0,False,True,POINT (-104.394383 32.848593)
1007978,110002899908.0,"CHEVRON PRODUCTS, EL SEGUNDO REFINERY",33.9082,-118.4085,A Train DB Fuel Gas,324110.0,True,True,POINT (-118.4085 33.9082)
1008018,110000490139.0,PHILLIPS 66 FERNDALE REFINERY,48.830142,-122.692114,13V-11,324110.0,True,True,POINT (-122.692114 48.830142)
1008504,110033145353.0,VALERO REFINING CO - CALI FORNIA BENICIA REFINERY,38.07167,-122.13975,Cogen SG-4901 LPFG,324110.0,True,True,POINT (-122.13975 38.07167)
1009068,110000468921.0,BIG WEST OIL LLC,40.838386,-111.921443,Gasoline Combustion,324110.0,True,True,POINT (-111.921443 40.838386)
1009291,110000600378.0,"SILVER EAGLE REFINING, INCORPORATED",41.2616,-110.807,CP-Propane for Start Ups,324110.0,True,True,POINT (-110.807 41.2616)
1010774,110000476048.0,Valero Wilmington Asphalt Plant,33.79699,-118.23971,CP-FG,324110.0,True,True,POINT (-118.23971 33.79699)
1013281,110000486304.0,Par West Refinery,21.313495,-158.113794,Catalytic Oxidizer,324110.0,False,True,POINT (-158.113794 21.313495)
