Facility Id,FRS Id,Facility Name,City,State,Zip Code,Address,County,Latitude,Longitude,Primary NAICS Code,Industry Type (subparts),Industry Type (sectors),Total reported direct emissions,CO2 emissions (non-biogenic) ,Methane (CH4) emissions ,Nitrous Oxide (N2O) emissions ,HFC emissions,PFC emissions,SF6 emissions ,NF3 emissions,Other Fully Fluorinated GHG emissions,HFE emissions,Very Short-lived Compounds emissions,Other GHGs (metric tons CO2e),Biogenic CO2 emissions (metric tons),Stationary Combustion,Electricity Generation,Adipic Acid Production,Aluminum Production,Ammonia Manufacturing,Cement Production,Electronics Manufacture,Ferroalloy Production,Fluorinated GHG Production,Glass Production,HCFC–22 Production from HFC–23 Destruction,Hydrogen Production,Iron and Steel Production,Lead Production,Lime Production,Magnesium Production,Miscellaneous Use of Carbonates,Nitric Acid Production,Petroleum and Natural Gas Systems – Offshore Production,Petroleum and Natural Gas Systems – Processing,Petroleum and Natural Gas Systems – Transmission/Compression,Petroleum and Natural Gas Systems – Underground Storage,Petroleum and Natural Gas Systems – LNG Storage,Petroleum and Natural Gas Systems – LNG Import/Export,Petrochemical Production,Petroleum Refining,Phosphoric Acid Production,Pulp and Paper Manufacturing,Silicon Carbide Production,Soda Ash Manufacturing,Titanium Dioxide Production,Underground Coal Mines,Zinc Production,Municipal Landfills,Industrial Wastewater Treatment,Manufacture of Electric Transmission and Distribution Equipment,Industrial Waste Landfills,Is some CO2 collected on-site and used to manufacture other products and therefore not emitted from the affected manufacturing process unit(s)? (as reported under Subpart G or S),"Is some CO2 reported as emissions from the affected manufacturing process unit(s) under Subpart AA, G or P collected and transferred off-site or injected (as reported under Subpart PP)?",Does the facility employ continuous emissions monitoring? ,geometry,inWestCensus,inWECC
1003689,110069522662.0,Alon Bakersfield Refining,Bakersfield,CA,93308,6451 Rosedale Highway,KERN COUNTY,35.3809,-119.07242,324110.0,C,Petroleum and Natural Gas Systems,17599.036,17581.5,8.0,9.536,,,,,,,,,,17599.036,,,,,,,,,,,,,,,,,,,,,,,,,,,,,,,,,,,,,N,N,N,POINT (-119.07242 35.3809),True,True
1009068,110000468921.0,BIG WEST OIL LLC,NORTH SALT LAKE,UT,84054,333 WEST CENTER STREET,DAVIS COUNTY,40.838386,-111.921443,324110.0,"C,MM-REF,Y","Petroleum Product Suppliers,Refineries",288509.134,285772.2,1587.25,1149.684,,,,,,,,,,146209.638,,,,,,,,,,,,,,,,,,,,,,,,,142299.496,,,,,,,,,,,,N,N,Y,POINT (-111.921443 40.838386),True,True
1006468,110070752633.0,BP CHERRY POINT REFINERY,BLAINE,WA,98230,4519 GRANDVIEW ROAD,WHATCOM COUNTY,48.884,-122.735,324110.0,"C,MM-REF,P,PP,Y","Chemicals,Petroleum Product Suppliers,Refineries,Suppliers of CO2",2275448.402,2264572.9,6487.75,4387.752,,,,,,,,,,1223942.562,,,,,,,,,,,798949.5,,,,,,,,,,,,,,252556.34,,,,,,,,,,,,N,Y,Y,POINT (-122.735 48.884),True,True
1003610,110020506460.0,CHEVRON PRODS.CO. RICHMOND REFY,RICHMOND,CA,94801,841 CHEVRON WAY,CONTRA COSTA COUNTY,37.938779,-122.396453,324110.0,"C,P,Y","Chemicals,Refineries",4008129.326,3996363.9,5034.5,6730.926,,,,,,,,,,2125310.428,,,,,,,,,,,1073405.8,,,,,,,,,,,,,,809413.098,,,,,,,,,,,,N,N,N,POINT (-122.396453 37.938779),True,True
1006189,110000469485.0,CHEVRON PRODUCTS CO - SALT LAKE REFINERY,SALT LAKE CITY,UT,84116,2351 N 1100 W,DAVIS COUNTY,40.824668,-111.930772,324110.0,"C,TT,Y","Refineries,Waste",490237.992,482513.4,6293.0,1431.592,,,,,,,,,,394836.518,,,,,,,,,,,,,,,,,,,,,,,,,91155.474,,,,,,,,,,,4246.0,N,N,N,POINT (-111.930772 40.824668),True,True
1007978,110002899908.0,"CHEVRON PRODUCTS, EL SEGUNDO REFINERY",EL SEGUNDO,CA,90245,324 W EL SEGUNDO BLVD,LOS ANGELES COUNTY,33.9082,-118.4085,324110.0,"C,P,PP,Y","Chemicals,Refineries,Suppliers of CO2",3301835.324,3279694.6,16191.75,5948.974,,,,,,,,,17782.7,2243682.424,,,,,,,,,,,485783.9,,,,,,,,,,,,,,572369.0,,,,,,,,,,,,N,Y,N,POINT (-118.4085 33.9082),True,True
1006671,110000595124.0,CHS INC LAUREL REFINERY,LAUREL,MT,59044,803 US HIGHWAY 212 SOUTH,YELLOWSTONE COUNTY,45.65922,-108.76778,324110.0,"C,MM-REF,P,Y","Chemicals,Petroleum Product Suppliers,Refineries",1013794.09,1005420.1,6472.75,1901.24,,,,,,,,,,500470.176,,,,,,,,,,,343120.5,,,,,,,,,,,,,,170203.414,,,,,,,,,,,,N,N,Y,POINT (-108.76778 45.65922),True,True
1007739,110000428500.0,"Calumet Montana Refining, LLC",GREAT FALLS,MT,59404,1900 10TH STREET NORTHEAST,CASCADE COUNTY,47.523611,-111.294167,324110.0,"C,MM-REF,P,Y","Chemicals,Petroleum Product Suppliers,Refineries",260292.686,255855.3,3958.5,478.886,,,,,,,,,,99047.05,,,,,,,,,,,89615.5,,,,,,,,,,,,,,71630.136,,,,,,,,,,,,N,N,Y,POINT (-111.294167 47.523611),True,True
1006032,,FORELAND REFINING CORP EAGLE SPRINGS REFINERY,Current,NV,89301,,Nye,38.6226,-115.6198,324110.0,"C,MM-REF,Y","Petroleum Product Suppliers,Refineries",16174.482,16102.8,31.75,39.932,,,,,,,,,,16159.382,,,,,,,,,,,,,,,,,,,,,,,,,15.1,,,,,,,,,,,,N,N,N,POINT (-115.6198 38.6226),True,True
1003355,110011031052.0,GALLUP REFINERY,Jamestown,NM,87347,92 Giant Crossing,MCKINLEY COUNTY,35.490278,-108.425,324110.0,"C,MM-REF,Y","Petroleum Product Suppliers,Refineries",0.0,0.0,,,,,,,,,,,,0.0,,,,,,,,,,,,,,,,,,,,,,,,,0.0,,,,,,,,,,,,N,N,N,POINT (-108.425 35.490278),True,True
1007217,110000468093.0,HF Sinclair Parco Refining Company LLC,SINCLAIR,WY,82334,100 EAST LINCOLN AVENUE,CARBON COUNTY,41.77899,-107.104,324110.0,"C,MM-REF,P,Y","Chemicals,Petroleum Product Suppliers,Refineries",1120937.35,1110701.5,8090.25,2145.6,,,,,,,,,,596966.522,,,,,,,,,,,293221.6,,,,,,,,,,,,,,230749.228,,,,,,,,,,,,N,N,N,POINT (-107.104 41.77899),True,True
1004211,110008214360.0,HF Sinclair Puget Sound Refining LLC,ANACORTES,WA,98221,8505 SOUTH TEXAS ROAD,SKAGIT COUNTY,48.472836,-122.560194,324110.0,"C,MM-REF,Y","Petroleum Product Suppliers,Refineries",1907857.794,1897429.2,6434.5,3994.094,,,,,,,,,,1414210.332,,,,,,,,,,,,,,,,,,,,,,,,,493647.462,,,,,,,,,,,,N,N,N,POINT (-122.560194 48.472836),True,True
1005769,110055108431.0,HOLLYFRONTIER WOODS CROSS REFINING LLC,WEST BOUNTIFUL,UT,84087,1070 WEST 500 SOUTH,DAVIS COUNTY,40.884195,-111.910878,324110.0,"C,MM-REF,Y","Petroleum Product Suppliers,Refineries",395778.616,393277.1,1334.25,1167.266,,,,,,,,,,245800.224,,,,,,,,,,,,,,,,,,,,,,,,,149978.392,,,,,,,,,,,,N,N,Y,POINT (-111.910878 40.884195),True,True
1004267,110000481611.0,Kern Energy,BAKERSFIELD,CA,93307,7724 E PANAMA LN,KERN COUNTY,35.295278,-118.921111,324110.0,"C,MM-REF,Y","Petroleum Product Suppliers,Refineries",142322.332,141523.5,408.75,390.082,,,,,,,,,2552.6,140792.592,,,,,,,,,,,,,,,,,,,,,,,,,1529.74,,,,,,,,,,,,N,N,N,POINT (-118.921111 35.295278),True,True
1002286,110001187144.0,LUNDAY-THAGARD COMPANY,SOUTH GATE,CA,90280,9301 SOUTH GARFIELD AVENUE,LOS ANGELES COUNTY,33.946295,-118.16704,324110.0,"C,MM-REF,Y","Petroleum Product Suppliers,Refineries",36985.758,35967.6,959.75,58.408,,,,,,,,,,35716.248,,,,,,,,,,,,,,,,,,,,,,,,,1269.51,,,,,,,,,,,,N,N,N,POINT (-118.16704 33.946295),True,True
1006627,110071161537.0,Los Angeles Refinery (LAR),CARSON,CA,90810,2350 E. 223rd Street,LOS ANGELES COUNTY,33.82431,-118.23237,324110.0,"C,P,PP,Y","Chemicals,Refineries,Suppliers of CO2",6263565.33,6235735.7,17642.5,10187.13,,,,,,,,,,4444371.502,,,,,,,,,,,919409.4,,,,,,,,,,,,,,899784.428,,,,,,,,,,,,N,Y,Y,POINT (-118.23237 33.82431),True,True
1001804,110000483245.0,MARTINEZ REFINING COMPANY LLC,MARTINEZ,CA,94553,3485 PACHECO BLVD,CONTRA COSTA COUNTY,38.016594,-122.115392,324110.0,"C,MM-REF,Y","Petroleum Product Suppliers,Refineries",2571283.526,2562144.6,4233.25,4905.676,,,,,,,,,,1925520.122,,,,,,,,,,,,,,,,,,,,,,,,,645763.404,,,,,,,,,,,,N,N,N,POINT (-122.115392 38.016594),True,True
1003564,110043783420.0,Marathon El Paso Refinery,EL PASO,TX,79905,212 North Clark Street,EL PASO COUNTY,31.76945,-106.41426,324110.0,"C,MM-REF,P,Y","Chemicals,Petroleum Product Suppliers,Refineries",808678.798,801288.4,5058.25,2332.148,,,,,,,,,,538011.07,,,,,,,,,,,17892.5,,,,,,,,,,,,,,252775.228,,,,,,,,,,,,N,N,N,POINT (-106.41426 31.76945),False,True
1007972,110000472630.0,"NAVAJO REFINING COMPANY, LLC - Artesia Refinery",ARTESIA,NM,88210,501 East Main Street,EDDY COUNTY,32.848593,-104.394383,324110.0,"C,MM-REF,P,Y","Chemicals,Petroleum Product Suppliers,Refineries",831370.232,826050.2,3879.5,1440.532,,,,,,,,,,412130.812,,,,,,,,,,,161676.6,,,,,,,,,,,,,,257562.82,,,,,,,,,,,,N,N,N,POINT (-104.394383 32.848593),True,False
1007771,110061297788.0,"NAVAJO REFINING COMPANY, LLC - LOVINGTON REFINERY",LOVINGTON,NM,88260,7406 S. Main,LEA COUNTY,32.879253,-103.297137,324110.0,"C,MM-REF,Y","Petroleum Product Suppliers,Refineries",124865.55,124186.3,604.75,74.5,,,,,,,,,,119366.79,,,,,,,,,,,,,,,,,,,,,,,,,5498.76,,,,,,,,,,,,N,N,N,POINT (-103.297137 32.879253),True,False
1003670,110071162431.0,PETRO STAR INC NORTH POLE REFINERY,NORTH POLE,AK,99705,1200 H AND H LANE,FAIRBANKS NORTH STAR BOROUGH,64.749575,-147.377411,324110.0,"C,MM-REF,Y","Petroleum Product Suppliers,Refineries",37923.97,37512.7,339.75,71.52,,,,,,,,,,37613.97,,,,,,,,,,,,,,,,,,,,,,,,,310.0,,,,,,,,,,,,N,N,N,POINT (-147.377411 64.749575),True,False
1005997,110071159424.0,PETRO STAR VALDEZ REFINERY,VALDEZ,AK,99686,2.5 MILE DAYVILLE ROAD,VALDEZ-CORDOVA CENSUS AREA,61.08276,-146.25017,324110.0,"C,MM-REF,P,Y","Chemicals,Petroleum Product Suppliers,Refineries",79858.92,78456.3,1234.25,168.37,,,,,,,,,,48843.77,,,,,,,,,,,19795.5,,,,,,,,,,,,,,11219.65,,,,,,,,,,,,N,N,N,POINT (-146.25017 61.08276),True,False
1007506,110043806085.0,PHILLIPS 66 BILLINGS REFINERY,BILLINGS,MT,59101,401 SOUTH 23RD STREET,YELLOWSTONE COUNTY,45.776389,-108.484444,324110.0,"C,MM-REF,P,Y","Chemicals,Petroleum Product Suppliers,Refineries",834082.866,827530.2,5072.5,1480.166,,,,,,,,,,360060.34,,,,,,,,,,,274322.8,,,,,,,,,,,,,,199699.726,,,,,,,,,,,,N,N,N,POINT (-108.484444 45.776389),True,True
1008018,110000490139.0,PHILLIPS 66 FERNDALE REFINERY,FERNDALE,WA,98248,3901 UNICK ROAD,WHATCOM COUNTY,48.830142,-122.692114,324110.0,"C,MM-REF,Y","Petroleum Product Suppliers,Refineries",718028.26,714223.1,2003.75,1801.41,,,,,,,,,,446989.788,,,,,,,,,,,,,,,,,,,,,,,,,271038.472,,,,,,,,,,,,N,N,N,POINT (-122.692114 48.830142),True,True
1006099,110000481755.0,PHILLIPS 66 SANTA MARIA REFINERY,ARROYO GRANDE,CA,93420,2555 WILLOW ROAD,SAN LUIS OBISPO COUNTY,35.038889,-120.589722,324110.0,"C,MM-REF,Y","Petroleum Product Suppliers,Refineries",145314.036,144526.3,435.5,352.236,,,,,,,,,,143013.936,,,,,,,,,,,,,,,,,,,,,,,,,2300.1,,,,,,,,,,,,N,N,N,POINT (-120.589722 35.038889),True,True
1007000,110000428421.0,"Par Montana, LLC Billings Refinery",Billings,MT,59101,700 Par Montana Road,YELLOWSTONE COUNTY,45.810555,-108.43166,324110.0,"C,MM-REF,P,Y","Chemicals,Petroleum Product Suppliers,Refineries",621036.774,617837.0,1877.25,1322.524,,,,,,,,,,326224.348,,,,,,,,,,,103850.8,,,,,,,,,,,,,,190961.626,,,,,,,,,,,,N,N,N,POINT (-108.43166 45.810555),True,True
1013281,110000486304.0,Par West Refinery,Kapolei,HI,96707,"91-480 Malakole Street, Bldg. CCB",HONOLULU COUNTY,21.313495,-158.113794,324110.0,"C,P,Y","Chemicals,Refineries",0.1,0.1,,,,,,,,,,,,0.1,,,,,,,,,,,0.0,,,,,,,,,,,,,,0.0,,,,,,,,,,,,N,N,N,POINT (-158.113794 21.313495),True,False
1001964,110038102969.0,Phillips 66 Los Angeles Refinery - Carson Plant,CARSON,CA,90745,1520 EAST SEPULVEDA BOULEVARD,LOS ANGELES COUNTY,33.808333,-118.245833,324110.0,"C,MM-REF,P,PP,Y","Chemicals,Petroleum Product Suppliers,Refineries,Suppliers of CO2",959902.26,955086.2,2590.0,2226.06,,,,,,,,,,640712.712,,,,,,,,,,,307815.4,,,,,,,,,,,,,,11374.148,,,,,,,,,,,,N,Y,N,POINT (-118.245833 33.808333),True,True
1006843,110000476235.0,Phillips 66 Los Angeles Refinery - Wilmington Plant,WILMINGTON,CA,90744,1660 WEST ANAHEIM STREET,LOS ANGELES COUNTY,33.774469,-118.290696,324110.0,"C,P,PP,Y","Chemicals,Refineries,Suppliers of CO2",1637058.576,1630869.1,2893.0,3296.476,,,,,,,,,,820923.118,,,,,,,,,,,372889.2,,,,,,,,,,,,,,443246.258,,,,,,,,,,,,N,Y,Y,POINT (-118.290696 33.774469),True,True
1006932,110071162280.0,REFINERY KAPOLEI,KAPOLEI,HI,96707,91-325 KOMOHANA STREET,HONOLULU COUNTY,21.304291,-158.091296,324110.0,"C,P,Y","Chemicals,Refineries",582693.654,580397.6,903.5,1392.554,,,,,,,,,,491522.21,,,,,,,,,,,88376.9,,,,,,,,,,,,,,2794.544,,,,,,,,,,,,N,N,N,POINT (-158.091296 21.304291),True,False
1006395,110000483487.0,SAN FRANCISCO REFINERY AT RODEO,RODEO,CA,94572,1380 SAN PABLO AVENUE,CONTRA COSTA COUNTY,38.0436,-122.2532,324110.0,"C,MM-REF,P,Y","Chemicals,Petroleum Product Suppliers,Refineries",1295946.842,1289765.1,2537.5,3644.242,,,,,,,,,87878.4,986262.978,,,,,,,,,,,124298.8,,,,,,,,,,,,,,185385.064,,,,,,,,,,,,N,N,N,POINT (-122.2532 38.0436),True,True
1002565,110000481684.0,SAN JOAQUIN REFINING CO INC,BAKERSFIELD,CA,93308,3500 SHELL STREET,KERN COUNTY,35.39511,-119.04652,324110.0,"C,MM-REF,P,Y","Chemicals,Petroleum Product Suppliers,Refineries",92409.3,91857.1,507.5,44.7,,,,,,,,,,62400.708,,,,,,,,,,,28593.1,,,,,,,,,,,,,,1415.492,,,,,,,,,,,,N,N,N,POINT (-119.04652 35.39511),True,True
1009291,110000600378.0,"SILVER EAGLE REFINING, INCORPORATED",EVANSTON,WY,82930,2990 COUNTY ROAD 180,UINTA COUNTY,41.2616,-110.807,324110.0,"C,MM-REF,Y","Petroleum Product Suppliers,Refineries",11342.89,10791.4,475.5,75.99,,,,,,,,,,6663.95,,,,,,,,,,,,,,,,,,,,,,,,,4678.94,,,,,,,,,,,,N,N,N,POINT (-110.807 41.2616),True,True
1007218,110011942719.0,SINCLAIR CASPER REFINING COMPANY,CASPER,WY,82609,5700 EAST HIGHWAY 20/26,NATRONA COUNTY,42.8605,-106.2425,324110.0,"C,MM-REF,Y","Petroleum Product Suppliers,Refineries",306591.94,300102.8,5616.0,873.14,,,,,,,,,,128828.83,,,,,,,,,,,,,,,,,,,,,,,,,177763.11,,,,,,,,,,,,N,N,N,POINT (-106.2425 42.8605),True,True
1007923,110032913024.0,SUNCOR ENERGY (USA) COMMERCE CITY REFINERY,COMMERCE CITY,CO,80022,5801 BRIGHTON BLVD,ADAMS COUNTY,39.803333,-104.945556,324110.0,"C,MM-REF,P,Y","Chemicals,Petroleum Product Suppliers,Refineries",951212.102,939496.1,8594.75,3121.252,,,,,,,,,,487683.07,,,,,,,,,,,209775.5,,,,,,,,,,,,,,253753.532,,,,,,,,,,,,N,N,N,POINT (-104.945556 39.803333),True,True
1006448,110000499069.0,Silver Eagle Refining-Woods Cross,WOODS CROSS,UT,84087,2355 SOUTH 1100 WEST,DAVIS COUNTY,40.866389,-111.911389,324110.0,"C,MM-REF,Y","Petroleum Product Suppliers,Refineries",43429.074,42955.9,439.5,33.674,,,,,,,,,,41740.05,,,,,,,,,,,,,,,,,,,,,,,,,1689.024,,,,,,,,,,,,N,N,N,POINT (-111.911389 40.866389),True,True
1003904,110000537250.0,TESORO CORPORATION-ANACORTES REFINERY,ANACORTES,WA,98221,10200 WEST MARCH POINT ROAD,SKAGIT COUNTY,48.489534,-122.564292,324110.0,"C,MM-REF,Y","Petroleum Product Suppliers,Refineries",1370882.368,1364958.1,2455.25,3469.018,,,,,,,,,,771526.718,,,,,,,,,,,,,,,,,,,,,,,,,599355.65,,,,,,,,,,,,N,N,N,POINT (-122.564292 48.489534),True,True
1007741,110017413299.0,TESORO ALASKA PETROLEUM CO,KENAI,AK,99611,54741 TESORO ROAD,KENAI PENINSULA BOROUGH,60.683603,-151.367204,324110.0,"C,P,W-LNGIE,Y","Chemicals,Petroleum and Natural Gas Systems,Refineries",589876.286,586196.2,2411.5,1268.586,,,,,,,,,,498465.164,,,,,,,,,,,86724.4,,,,,,,,,,,,0.0,,4686.722,,,,,,,,,,,,N,N,N,POINT (-151.367204 60.683603),True,False
1007329,110069359063.0,TORRANCE REFINING COMPANY LLC,TORRANCE,CA,90504,3700 WEST 190TH STREET,LOS ANGELES COUNTY,33.85828,-118.3369,324110.0,"C,MM-REF,Y","Petroleum Product Suppliers,Refineries",1579561.494,1570110.6,5613.25,3837.644,,,,,,,,,,805051.252,,,,,,,,,,,,,,,,,,,,,,,,,774510.242,,,,,,,,,,,,N,N,Y,POINT (-118.3369 33.85828),True,True
1002261,110017407153.0,TRICOR REFINING LLC,BAKERSFIELD,CA,93308,1134 Manor Street,KERN COUNTY,35.4185,-119.0112,324110.0,"C,Y",Refineries,34062.592,33725.5,321.0,16.092,,,,,,,,,,28529.392,,,,,,,,,,,,,,,,,,,,,,,,,5533.2,,,,,,,,,,,,N,N,N,POINT (-119.0112 35.4185),True,True
1006039,110000469243.0,"Tesoro Refining and Marketing Company, Salt Lake City Refinery",Salt Lake City,UT,84103,474 West 900 North,SALT LAKE COUNTY,40.791667,-111.902778,324110.0,"C,Y",Refineries,647518.696,645088.8,1207.5,1222.396,,,,,,,,,,401170.03,,,,,,,,,,,,,,,,,,,,,,,,,246348.666,,,,,,,,,,,,N,N,N,POINT (-111.902778 40.791667),True,True
1002461,110000746658.0,ULTRAMAR INC WILMINGTON REFINERY,WILMINGTON,CA,90744,2402 EAST ANAHEIM STREET,LOS ANGELES COUNTY,33.7783,-118.2351,324110.0,"C,MM-REF,Y","Petroleum Product Suppliers,Refineries",967407.346,961717.4,3581.0,2108.946,,,,,,,,,,619944.564,,,,,,,,,,,,,,,,,,,,,,,,,347462.782,,,,,,,,,,,,N,N,Y,POINT (-118.2351 33.7783),True,True
1007658,110000490549.0,US OIL & REFINING TACOMA,TACOMA,WA,98421,3001 MARSHALL AVENUE,PIERCE COUNTY,47.257694,-122.395259,324110.0,"C,MM-REF,Y","Petroleum Product Suppliers,Refineries",130279.176,129024.5,819.0,435.676,,,,,,,,,,123894.078,,,,,,,,,,,,,,,,,,,,,,,,,6385.098,,,,,,,,,,,,N,N,N,POINT (-122.395259 47.257694),True,True
1008504,110033145353.0,VALERO REFINING CO - CALI FORNIA BENICIA REFINERY,BENICIA,CA,94510,3400 E SECOND ST,SOLANO COUNTY,38.07167,-122.13975,324110.0,"C,MM-REF,P,PP,Y","Chemicals,Petroleum Product Suppliers,Refineries,Suppliers of CO2",2905969.642,2893407.1,7324.0,5238.542,,,,,,,,,,1142568.812,,,,,,,,,,,889712.4,,,,,,,,,,,,,,873688.43,,,,,,,,,,,,N,Y,Y,POINT (-122.13975 38.07167),True,True
1010774,110000476048.0,Valero Wilmington Asphalt Plant,Wilmington,CA,90744,1651 Alameda Street,LOS ANGELES COUNTY,33.79699,-118.23971,324110.0,"C,MM-REF,Y","Petroleum Product Suppliers,Refineries",14275.79,14085.9,173.5,16.39,,,,,,,,,,14111.54,,,,,,,,,,,,,,,,,,,,,,,,,164.25,,,,,,,,,,,,N,N,N,POINT (-118.23971 33.79699),True,True
1004459,110000468226.0,WYOMING REFINING COMPANY,NEWCASTLE,WY,82701,740 W. MAIN ST.,WESTON COUNTY,43.85126,-104.21486,324110.0,"C,MM-REF,Y","Petroleum Product Suppliers,Refineries",160314.056,159288.3,602.0,423.756,,,,,,,,,,99016.59,,,,,,,,,,,,,,,,,,,,,,,,,61297.466,,,,,,,,,,,,N,N,N,POINT (-104.21486 43.85126),True,True
